{
    "splits": {
        "train": 1420,
        "val": 365,
        "test": 729
    },
    "tau_bmlp_total": 1.147829694553956,
    "block_B_conditional_coverage": {
        "HAR-OLS": {
            "level": 0.9,
            "n_bins": 10,
            "coverage_by_decile": [
                0.9041095890410958,
                0.8904109589041096,
                0.9041095890410958,
                0.9041095890410958,
                0.958904109589041,
                0.9452054794520548,
                0.958904109589041,
                0.958904109589041,
                0.9315068493150684,
                0.9166666666666666
            ],
            "mean_sigma_by_decile": [
                2.672758964216168,
                2.672758964216168,
                2.672758964216168,
                2.672758964216168,
                2.672758964216168,
                2.672758964216168,
                2.672758964216168,
                2.672758964216168,
                2.672758964216168,
                2.672758964216168
            ],
            "mean_abs_err_by_decile": [
                2.12255226478811,
                2.0307157568421443,
                2.1693486996708082,
                2.329831473657,
                1.8537009708036263,
                1.8552117488353739,
                1.8337594596116829,
                1.8657160992909048,
                1.8976697720317799,
                2.0268669014071867
            ],
            "cov_std_dev": 0.02534169442242195,
            "cov_max_deviation": 0.05890410958904102
        },
        "EWMA(0.94)": {
            "level": 0.9,
            "n_bins": 10,
            "coverage_by_decile": [
                0.821917808219178,
                0.8767123287671232,
                0.7671232876712328,
                0.7808219178082192,
                0.8493150684931506,
                0.8904109589041096,
                0.8904109589041096,
                0.8904109589041096,
                0.8493150684931506,
                0.875
            ],
            "mean_sigma_by_decile": [
                2.6773082254586424,
                2.6773082254586424,
                2.6773082254586424,
                2.6773082254586424,
                2.6773082254586424,
                2.6773082254586424,
                2.6773082254586424,
                2.6773082254586424,
                2.6773082254586424,
                2.677308225458643
            ],
            "mean_abs_err_by_decile": [
                2.4343515204182204,
                2.4159656248738073,
                2.678356846267978,
                2.816190478824475,
                2.2048124899803354,
                2.2647355978216166,
                2.0358806876352586,
                2.072161573551983,
                2.260641774506006,
                2.2319027913958553
            ],
            "cov_std_dev": 0.043213492559623104,
            "cov_max_deviation": 0.1328767123287672
        },
        "GARCH(1,1)": {
            "level": 0.9,
            "n_bins": 10,
            "coverage_by_decile": [
                0.7397260273972602,
                0.821917808219178,
                0.6712328767123288,
                0.6164383561643836,
                0.7808219178082192,
                0.8356164383561644,
                0.8904109589041096,
                0.8356164383561644,
                0.7945205479452054,
                0.8472222222222222
            ],
            "mean_sigma_by_decile": [
                2.6713971949767195,
                2.6713971949767195,
                2.6713971949767195,
                2.6713971949767195,
                2.6713971949767195,
                2.6713971949767195,
                2.6713971949767195,
                2.6713971949767195,
                2.6713971949767195,
                2.6713971949767195
            ],
            "mean_abs_err_by_decile": [
                2.843703638996222,
                2.7858704911155394,
                3.3726016950798594,
                3.707396553398398,
                2.6455538632182733,
                2.5684066980455147,
                2.1665954340620974,
                2.492265447342911,
                2.549639264215727,
                2.5118601683620314
            ],
            "cov_std_dev": 0.08059572949849275,
            "cov_max_deviation": 0.28356164383561644
        },
        "GJR-GARCH(1,1)": {
            "level": 0.9,
            "n_bins": 10,
            "coverage_by_decile": [
                0.7534246575342466,
                0.821917808219178,
                0.684931506849315,
                0.6164383561643836,
                0.7945205479452054,
                0.8356164383561644,
                0.8904109589041096,
                0.8493150684931506,
                0.8082191780821918,
                0.8472222222222222
            ],
            "mean_sigma_by_decile": [
                2.677340169921593,
                2.677340169921593,
                2.677340169921593,
                2.677340169921593,
                2.677340169921593,
                2.677340169921593,
                2.677340169921593,
                2.677340169921593,
                2.677340169921593,
                2.677340169921593
            ],
            "mean_abs_err_by_decile": [
                2.769180378331212,
                2.7256721287174233,
                3.2998668230899995,
                3.6508432689249504,
                2.555798358096151,
                2.525690172386789,
                2.168582779494641,
                2.444291484058917,
                2.5197978797462732,
                2.441634740320224
            ],
            "cov_std_dev": 0.07926372555160195,
            "cov_max_deviation": 0.28356164383561644
        },
        "MLP": {
            "level": 0.9,
            "n_bins": 10,
            "coverage_by_decile": [
                0.8356164383561644,
                0.8767123287671232,
                0.9315068493150684,
                0.8904109589041096,
                0.958904109589041,
                0.9452054794520548,
                0.958904109589041,
                0.9452054794520548,
                0.9178082191780822,
                0.9305555555555556
            ],
            "mean_sigma_by_decile": [
                2.7066917419433594,
                2.7066917419433594,
                2.7066917419433594,
                2.7066917419433594,
                2.7066917419433594,
                2.7066917419433594,
                2.7066917419433594,
                2.7066917419433594,
                2.7066917419433594,
                2.7066917419433594
            ],
            "mean_abs_err_by_decile": [
                2.410863595802382,
                2.153938487386024,
                2.156217885410694,
                2.336923635019852,
                1.8741135126498296,
                1.8721964717361739,
                1.838578190773041,
                1.8721735889327538,
                1.9711067819029768,
                2.088757726350177
            ],
            "cov_std_dev": 0.03795765096278292,
            "cov_max_deviation": 0.06438356164383563
        },
        "BMLP": {
            "level": 0.9,
            "n_bins": 10,
            "coverage_by_decile": [
                0.9041095890410958,
                0.8904109589041096,
                0.9178082191780822,
                0.9041095890410958,
                0.9315068493150684,
                0.9452054794520548,
                0.9041095890410958,
                0.9452054794520548,
                0.9726027397260274,
                0.9722222222222222
            ],