{
    "splits": {
        "train": 1420,
        "val": 365,
        "test": 729
    },
    "benchmarks": {
        "har_ols": {
            "params": {
                "intercept": -2.970905182756792,
                "coef_1d": 0.02363301137071873,
                "coef_5d": 0.11335636324102993,
                "coef_22d": 0.6594886661129196,
                "sigma_const": 2.672758964216168
            },
            "metrics": {
                "rmse": 2.6315838602380786,
                "mae": 1.9984984538067376,
                "coverage": 0.9588477366255144,
                "nll": 2.3867629877898944,
                "crps": 1.434682252736501,
                "sharpness": 10.477022618440538,
                "coverage_80": 0.8436213991769548,
                "coverage_90": 0.9272976680384087,
                "coverage_95": 0.9588477366255144,
                "sharpness_80": 6.850556869829191,
                "sharpness_90": 8.792594552516045,
                "sharpness_95": 10.477022618440538
            }
        },
        "ewma_094": {
            "params": {
                "lambda": 0.94,
                "sigma_const": 2.6773082254586433
            },
            "metrics": {
                "rmse": 3.1884662679653353,
                "mae": 2.341650277549682,
                "coverage": 0.906721536351166,
                "nll": 2.6128984800243047,
                "crps": 1.7268921744374717,
                "sharpness": 10.494855394823563,
                "coverage_80": 0.7640603566529492,
                "coverage_90": 0.8491083676268861,
                "coverage_95": 0.906721536351166,
                "sharpness_80": 6.862217095563922,
                "sharpness_90": 8.807560290225313,
                "sharpness_95": 10.494855394823563
            }
        },
        "garch_11": {
            "params": {
                "omega": 0.00012936231072700817,
                "alpha": 0.08453453035226674,
                "beta": 0.8413754235101023,
                "alpha_plus_beta": 0.9259099538623691,
                "converged": true,
                "nll_train": -3902.4196623232147,
                "sigma_const": 2.6713971949767195
            },
            "metrics": {
                "rmse": 3.650202081935674,
                "mae": 2.764735730262974,
                "coverage": 0.8491083676268861,
                "nll": 2.835067177049307,
                "crps": 2.0323862380173217,
                "sharpness": 10.471684581111388,
                "coverage_80": 0.6872427983539094,
                "coverage_90": 0.7832647462277091,
                "coverage_95": 0.8491083676268861,
                "sharpness_80": 6.847066514827741,
                "sharpness_90": 8.788114730370893,
                "sharpness_95": 10.471684581111388
            }
        },
        "gjr_garch_11": {
            "params": {
                "omega": 0.00010523025534217746,
                "alpha": 0.04999996326315644,
                "gamma": 0.09999998278724281,
                "beta": 0.8499999685836686,
                "stationarity": 0.9499999232404465,
                "converged": true,
                "nll_train": -3910.7559732339896,
                "sigma_const": 2.677340169921593
            },
            "metrics": {
                "rmse": 3.596858667036675,
                "mae": 2.710504115529273,
                "coverage": 0.8600823045267489,
                "nll": 2.80618429516426,
                "crps": 1.993855952840755,
                "sharpness": 10.494980614817337,
                "coverage_80": 0.6927297668038409,
                "coverage_90": 0.7901234567901234,
                "coverage_95": 0.8600823045267489,
                "sharpness_80": 6.862298972516929,
                "sharpness_90": 8.807665378156798,
                "sharpness_95": 10.494980614817337
            }
        }
    },
    "mlp_baseline_metrics": {
        "rmse": 2.707276535729484,
        "mae": 2.0574440799132296,
        "coverage": 0.9478737997256516,
        "nll": 2.414881741087811,
        "crps": 1.4765981764851173,
        "sharpness": 10.610036662921928,
        "coverage_80": 0.8340192043895748,
        "coverage_90": 0.9190672153635117,
        "coverage_95": 0.9478737997256516,
        "sharpness_80": 6.937530078668309,
        "sharpness_90": 8.90422345755026,
        "sharpness_95": 10.610036662921928,
        "sigma_constant": 2.7066917419433594
    },
    "bayesian_mlp_metrics": {
        "rmse": 2.6745583087014406,
        "mae": 2.049848265968396,
        "coverage": 0.9519890260631001,
        "nll": 2.4051465080535674,
        "crps": 1.4605506069850287,
        "sharpness": 10.501416037369033,
        "coverage_80": 0.8353909465020576,
        "coverage_90": 0.9327846364883402,
        "coverage_95": 0.9519890260631001,
        "sharpness_80": 6.8665068691472335,
        "sharpness_90": 8.813066155012201,
        "sharpness_95": 10.501416037369033
    }
}