{
    "splits": {
        "train": 1420,
        "validation": 365,
        "test": 729
    },
    "processed_dataset_path": "D:\\Bayesian-Deep-Learning\\data\\processed\\btcusdt_features.parquet",
    "har_evaluation_path": "D:\\Bayesian-Deep-Learning\\outputs\\results\\mlp_har\\evaluation_results_har.json",
    "benchmarks": {
        "har_ols": {
            "params": {
                "intercept": -1.4974114028723435,
                "coef_1d": 0.0016089656264073452,
                "coef_5d": 0.19425485884803267,
                "coef_22d": 0.4034905685293271,
                "sigma_const": 0.6016445814373007
            },
            "metrics": {
                "rmse": 0.5615441292127792,
                "mae": 0.44391867354097386,
                "coverage": 0.9643347050754458,
                "nll": 0.8464199356757377,
                "crps": 0.31540232285528963,
                "sharpness": 2.3584034222215697,
                "coverage_80": 0.8203017832647462,
                "coverage_90": 0.9190672153635117,
                "coverage_95": 0.9643347050754458,
                "sharpness_80": 1.5420771104847975,
                "sharpness_90": 1.9792345438256882,
                "sharpness_95": 2.3584034222215697
            }
        },
        "ewma_094": {
            "params": {
                "lambda": 0.94,
                "sigma_const": 0.6155952458939496
            },
            "metrics": {
                "rmse": 0.5799503355754528,
                "mae": 0.46421273344815983,
                "coverage": 0.9629629629629629,
                "nll": 0.8775461609475391,
                "crps": 0.3272868735441191,
                "sharpness": 2.4130890220124392,
                "coverage_80": 0.8271604938271605,
                "coverage_90": 0.9190672153635117,
                "coverage_95": 0.9629629629629629,
                "sharpness_80": 1.5778341022344091,
                "sharpness_90": 2.0251281458854926,
                "sharpness_95": 2.4130890220124392
            }
        },
        "garch_11": {
            "params": {
                "omega": 0.00012936231072700817,
                "alpha": 0.08453453035226674,
                "beta": 0.8413754235101023,
                "alpha_plus_beta": 0.9259099538623691,
                "converged": true,
                "nll_train": -3902.4196623232147,
                "sigma_const": 0.614030533962081
            },
            "metrics": {
                "rmse": 0.7650541862198648,
                "mae": 0.6120747259432034,
                "coverage": 0.8943758573388203,
                "nll": 1.2074293796437436,
                "crps": 0.43660330295206856,
                "sharpness": 2.406955463947154,
                "coverage_80": 0.6968449931412894,
                "coverage_90": 0.7997256515775034,
                "coverage_95": 0.8943758573388203,
                "sharpness_80": 1.573823584182584,
                "sharpness_90": 2.019980701692955,
                "sharpness_95": 2.406955463947154
            }
        },
        "gjr_garch_11": {
            "params": {
                "omega": 0.0001375873399763462,
                "alpha": 0.03788942080266841,
                "gamma": 0.10257916428898249,
                "beta": 0.8332078398115136,
                "stationarity": 0.9223868427586732,
                "converged": true,
                "nll_train": -3912.130139949061,
                "sigma_const": 0.6183033452454927
            },
            "metrics": {
                "rmse": 0.7547257810553586,
                "mae": 0.6030741994673874,
                "coverage": 0.9012345679012346,
                "nll": 1.1831434177633058,
                "crps": 0.4288815130693088,
                "sharpness": 2.423704576403601,
                "coverage_80": 0.7023319615912208,
                "coverage_90": 0.8148148148148148,
                "coverage_95": 0.9012345679012346,
                "sharpness_80": 1.5847752401616502,
                "sharpness_90": 2.0340369999665526,
                "sharpness_95": 2.423704576403601
            }
        }
    },
    "mlp_baseline_metrics": {
        "rmse": 0.6152826159866422,
        "mae": 0.4813242210445744,
        "coverage": 0.9368998628257887,
        "nll": 0.9334942776361497,
        "crps": 0.34374157850288506,
        "sharpness": 2.3757955338804386,
        "coverage_80": 0.8093278463648834,
        "coverage_90": 0.897119341563786,
        "coverage_95": 0.9368998628257887,
        "sharpness_80": 1.5534492010437881,
        "sharpness_90": 1.993830464040593,
        "sharpness_95": 2.3757955338804386,
        "sigma_constant": 0.6060814261436462
    },
    "bayesian_mlp_metrics": {
        "rmse": 0.5733869337142704,
        "mae": 0.4539194138092596,
        "coverage": 0.9794238683127572,
        "nll": 0.8763183138870788,
        "crps": 0.3230288707600272,
        "sharpness": 2.6801030845292986,
        "coverage_80": 0.8641975308641975,
        "coverage_90": 0.9506172839506173,
        "coverage_95": 0.9794238683127572,
        "sharpness_80": 1.7524252133671008,
        "sharpness_90": 2.249213411044571,
        "sharpness_95": 2.6801030845292986
    }
}