{
  "low_pct": 33,
  "high_pct": 67,
  "low_threshold": -4.617752202743142,
  "high_threshold": -3.535707205280857
}