{
  "low_pct": 33,
  "high_pct": 67,
  "low_threshold": -3.7155396088046544,
  "high_threshold": -3.2396767270780953
}