{
    "device": "cpu",
    "temperature_scaling_tau": 1.3995148603790186,
    "train_samples": 1412,
    "validation_samples": 365,
    "test_samples": 730,
    "train_shape": [
        1412,
        30,
        8
    ],
    "validation_shape": [
        365,
        30,
        8
    ],
    "test_shape": [
        730,
        30,
        8
    ],
    "bayesian": {
        "best_epoch": 11,
        "best_validation_nll": 0.11043467766618076,
        "checkpoint_path": "C:\\Users\\i.martinez.jimenez\\OneDrive - Accenture\\Documents\\projects-personales\\BNN\\outputs\\models\\lstm\\Bayesian_LSTM.pt",
        "calibration_plot_path": "C:\\Users\\i.martinez.jimenez\\OneDrive - Accenture\\Documents\\projects-personales\\BNN\\outputs\\figures\\lstm\\bayesian_calibration_plot.png",
        "global_metrics": {
            "rmse": 0.5776261369704109,
            "mae": 0.4587666654292851,
            "coverage": 0.9849315068493151,
            "nll": 0.922049530344823,
            "crps": 0.33071486581263065,
            "sharpness": 2.905274224651415,
            "coverage_80": 0.8972602739726028,
            "coverage_90": 0.9602739726027397,
            "coverage_95": 0.9849315068493151,
            "sharpness_90": 2.4381829887695297
        },
        "regime_metrics": {
            "LOW": {
                "n_obs": 450,
                "coverage_90": 0.9355555555555556,
                "crps": 0.36947432998356255,
                "sharpness_90": 2.4526493835331675,
                "nll": 1.0094345078266145
            },
            "MED": {
                "n_obs": 218,
                "coverage_90": 1.0,
                "crps": 0.23481701359054666,
                "sharpness_90": 2.42178233958988,
                "nll": 0.720590849288258
            },
            "HIGH": {
                "n_obs": 62,
                "coverage_90": 1.0,
                "crps": 0.3865853965786778,
                "sharpness_90": 2.3908517609876996,
                "nll": 0.9961584433049024
            }
        }
    },
    "baseline": {
        "best_epoch": 3,
        "best_validation_loss": 0.4330733936126918,
        "checkpoint_path": "C:\\Users\\i.martinez.jimenez\\OneDrive - Accenture\\Documents\\projects-personales\\BNN\\outputs\\models\\lstm\\LSTM.pt",
        "constant_sigma_from_validation": 0.6430010795593262,
        "calibration_plot_path": "C:\\Users\\i.martinez.jimenez\\OneDrive - Accenture\\Documents\\projects-personales\\BNN\\outputs\\figures\\lstm\\baseline_calibration_plot.png",
        "global_metrics": {
            "rmse": 0.5537328675372067,
            "mae": 0.43654789173439756,
            "coverage": 0.9780821917808219,
            "nll": 0.8481360434347606,
            "crps": 0.3124744120416317,
            "sharpness": 2.520517915913306,
            "coverage_80": 0.863013698630137,
            "coverage_90": 0.9493150684931507,
            "coverage_95": 0.9780821917808219,
            "sharpness_90": 2.1152853156937392,
            "sigma_constant": 0.6430010795593262
        },
        "regime_metrics": {
            "LOW": {
                "n_obs": 450,
                "coverage_90": 0.9355555555555556,
                "crps": 0.3071616485324359,
                "sharpness_90": 2.1152853156937392,
                "nll": 0.8489539300157058
            },
            "MED": {
                "n_obs": 218,
                "coverage_90": 1.0,
                "crps": 0.2521702230284624,
                "sharpness_90": 2.1152853156937392,
                "nll": 0.6859325659760362
            },
            "HIGH": {
                "n_obs": 62,
                "coverage_90": 0.8709677419354839,
                "crps": 0.5630721021062932,
                "sharpness_90": 2.1152853156937392,
                "nll": 1.41252812608922
            }
        }
    }
}