{
    "device": "cuda",
    "temperature_scaling_tau": 1.1403719061959383,
    "train_samples": 1412,
    "validation_samples": 365,
    "test_samples": 730,
    "train_shape": [
        1412,
        30,
        8
    ],
    "validation_shape": [
        365,
        30,
        8
    ],
    "test_shape": [
        730,
        30,
        8
    ],
    "bayesian": {
        "best_epoch": 12,
        "best_validation_nll": 1.0778960094059984,
        "checkpoint_path": "D:\\Bayesian-Deep-Learning\\outputs\\models\\lstm\\Bayesian_LSTM.pt",
        "calibration_plot_path": "D:\\Bayesian-Deep-Learning\\outputs\\figures\\lstm\\bayesian_calibration_plot.png",
        "global_metrics": {
            "rmse": 1.3229460098696018,
            "mae": 1.0302349774576212,
            "coverage": 0.9726027397260274,
            "nll": 1.7128932797233973,
            "crps": 0.7318362187619395,
            "sharpness": 5.800450666715334,
            "coverage_80": 0.8767123287671232,
            "coverage_90": 0.9602739726027397,
            "coverage_95": 0.9726027397260274,
            "sharpness_90": 4.867891651253362
        },
        "regime_metrics": {
            "LOW": {
                "n_obs": 315,
                "coverage_90": 0.9142857142857143,
                "crps": 0.8308494049998,
                "sharpness_90": 4.900517311693884,
                "nll": 1.8721337295227491
            },
            "MED": {
                "n_obs": 261,
                "coverage_90": 1.0,
                "crps": 0.4743557744236033,
                "sharpness_90": 4.8509326631439595,
                "nll": 1.417243400077995
            },
            "HIGH": {
                "n_obs": 154,
                "coverage_90": 0.987012987012987,
                "crps": 0.9656884415371327,
                "sharpness_90": 4.829899526953292,
                "nll": 1.8882431297276456
            }
        }
    },
    "baseline": {
        "best_epoch": 3,
        "best_validation_loss": 1.8005370995769763,
        "checkpoint_path": "D:\\Bayesian-Deep-Learning\\outputs\\models\\lstm\\LSTM.pt",
        "constant_sigma_from_validation": 1.3413246870040894,
        "calibration_plot_path": "D:\\Bayesian-Deep-Learning\\outputs\\figures\\lstm\\baseline_calibration_plot.png",
        "global_metrics": {
            "rmse": 1.3583297729933026,
            "mae": 1.0102657177676893,
            "coverage": 0.947945205479452,
            "nll": 1.725354424652068,
            "crps": 0.7352728865072705,
            "sharpness": 5.25789615620495,
            "coverage_80": 0.8424657534246576,
            "coverage_90": 0.9232876712328767,
            "coverage_95": 0.947945205479452,
            "sharpness_90": 4.412565552676448,
            "sigma_constant": 1.3413246870040894
        },
        "regime_metrics": {
            "LOW": {
                "n_obs": 315,
                "coverage_90": 0.8222222222222222,
                "crps": 1.036394661165397,
                "sharpness_90": 4.412565552676448,
                "nll": 2.143117558836763
            },
            "MED": {
                "n_obs": 261,
                "coverage_90": 1.0,
                "crps": 0.35719118914223125,
                "sharpness_90": 4.412565552676447,
                "nll": 1.254123159407641
            },
            "HIGH": {
                "n_obs": 154,
                "coverage_90": 1.0,
                "crps": 0.7601168085525009,
                "sharpness_90": 4.412565552676448,
                "nll": 1.6694841192015255
            }
        }
    }
}