{
    "device": "cpu",
    "temperature_scaling_tau": 1.4115012539479053,
    "train_samples": 1412,
    "validation_samples": 365,
    "test_samples": 730,
    "train_shape": [
        1412,
        30,
        8
    ],
    "validation_shape": [
        365,
        30,
        8
    ],
    "test_shape": [
        730,
        30,
        8
    ],
    "bayesian": {
        "best_epoch": 11,
        "best_validation_nll": 0.11043467766618076,
        "checkpoint_path": "C:\\Users\\i.martinez.jimenez\\OneDrive - Accenture\\Documents\\projects-personales\\BNN\\outputs\\models\\lstm\\Bayesian_LSTM.pt",
        "calibration_plot_path": "C:\\Users\\i.martinez.jimenez\\OneDrive - Accenture\\Documents\\projects-personales\\BNN\\outputs\\figures\\lstm\\bayesian_calibration_plot.png",
        "global_metrics": {
            "rmse": 0.5804184091190177,
            "mae": 0.46289340430906367,
            "coverage": 0.9876712328767123,
            "nll": 0.9241345272932284,
            "crps": 0.33218893483075407,
            "sharpness": 2.8846030481893674,
            "coverage_80": 0.8958904109589041,
            "coverage_90": 0.9534246575342465,
            "coverage_95": 0.9876712328767123,
            "sharpness_90": 2.420835190623672
        },
        "regime_metrics": {
            "LOW": {
                "n_obs": 450,
                "coverage_90": 0.9244444444444444,
                "crps": 0.3737051031309496,
                "sharpness_90": 2.4317745563973503,
                "nll": 1.017438664471275
            },
            "MED": {
                "n_obs": 218,
                "coverage_90": 1.0,
                "crps": 0.2337053972376171,
                "sharpness_90": 2.4170170500212267,
                "nll": 0.7173465639316473
            },
            "HIGH": {
                "n_obs": 62,
                "coverage_90": 1.0,
                "crps": 0.3771427325761716,
                "sharpness_90": 2.3548616430942766,
                "nll": 0.9740202415303848
            }
        }
    },
    "baseline": {
        "best_epoch": 3,
        "best_validation_loss": 0.4330733936126918,
        "checkpoint_path": "C:\\Users\\i.martinez.jimenez\\OneDrive - Accenture\\Documents\\projects-personales\\BNN\\outputs\\models\\lstm\\LSTM.pt",
        "constant_sigma_from_validation": 0.6430010795593262,
        "calibration_plot_path": "C:\\Users\\i.martinez.jimenez\\OneDrive - Accenture\\Documents\\projects-personales\\BNN\\outputs\\figures\\lstm\\baseline_calibration_plot.png",
        "global_metrics": {
            "rmse": 0.5537328675372067,
            "mae": 0.43654789173439756,
            "coverage": 0.9780821917808219,
            "nll": 0.8481360434347606,
            "crps": 0.3124744120416317,
            "sharpness": 2.520517915913306,
            "coverage_80": 0.863013698630137,
            "coverage_90": 0.9493150684931507,
            "coverage_95": 0.9780821917808219,
            "sharpness_90": 2.1152853156937392,
            "sigma_constant": 0.6430010795593262
        },
        "regime_metrics": {
            "LOW": {
                "n_obs": 450,
                "coverage_90": 0.9355555555555556,
                "crps": 0.3071616485324359,
                "sharpness_90": 2.1152853156937392,
                "nll": 0.8489539300157058
            },
            "MED": {
                "n_obs": 218,
                "coverage_90": 1.0,
                "crps": 0.2521702230284624,
                "sharpness_90": 2.1152853156937392,
                "nll": 0.6859325659760362
            },
            "HIGH": {
                "n_obs": 62,
                "coverage_90": 0.8709677419354839,
                "crps": 0.5630721021062932,
                "sharpness_90": 2.1152853156937392,
                "nll": 1.41252812608922
            }
        }
    }
}