{
    "low": -3.7283617669617515,
    "high": -3.250149613828577,
    "n_train": 1420
}