{
    "low": -9.247725443086797,
    "high": -7.098688992557398,
    "n_train": 1420
}