{
    "device": "cpu",
    "validation_samples": 365,
    "test_samples": 730,
    "test_distribution": {
        "LOW": 464,
        "MED": 206,
        "HIGH": 60
    },
    "sanity_checks_passed": false,
    "sanity_report": {
        "H_total_cv": {
            "value": 0.08232688676958909,
            "threshold": 0.2,
            "passed": false
        },
        "corr_H_error": {
            "value": 0.2098951561575645,
            "threshold": 0.25,
            "passed": false
        },
        "auroc_H_as_error_det": {
            "value": 0.5860630597472704,
            "threshold": 0.6,
            "passed": false
        }
    },
    "bayesian": {
        "best_epoch": 7,
        "best_val_ce": 1.1121647052568933,
        "temperature_tau": 2.2376052025604722,
        "ece": 0.18961870593433106,
        "checkpoint_path": "C:\\Users\\i.martinez.jimenez\\OneDrive - Accenture\\Documents\\projects-personales\\BNN\\outputs\\models\\lstm_clf\\Bayesian_LSTM_classifier.pt",
        "reliability_diagram_path": "C:\\Users\\i.martinez.jimenez\\OneDrive - Accenture\\Documents\\projects-personales\\BNN\\outputs\\figures\\lstm_clf\\bayesian_clf_reliability_diagram.png",
        "global_metrics": {
            "accuracy": 0.6136986301369863,
            "balanced_accuracy": 0.3308364021872559,
            "macro_f1": 0.2814889181603278,
            "weighted_f1": 0.5058901684759908,
            "log_loss": 0.989791565180358,
            "brier_score": 0.5904071163847513,
            "confusion_matrix": [
                [
                    438,
                    13,
                    13
                ],
                [
                    195,
                    10,
                    1
                ],
                [
                    60,
                    0,
                    0
                ]
            ],
            "precision_LOW": 0.6320346320346321,
            "recall_LOW": 0.9439655172413793,
            "f1_LOW": 0.7571305099394987,
            "precision_MED": 0.43478260869565216,
            "recall_MED": 0.04854368932038835,
            "f1_MED": 0.08733624454148471,
            "precision_HIGH": 0.0,
            "recall_HIGH": 0.0,
            "f1_HIGH": 0.0,
            "roc_auc_ovr": 0.5604616594446582
        },
        "uncertainty_metrics": {
            "H_total_mean": 0.9889608711736029,
            "H_total_std": 0.07025245448927037,
            "H_total_cv": 0.07103663707736138,
            "corr_H_error": 0.20063917139570628,
            "auroc_H_as_error_det": 0.6185964412360689,
            "acc_low_uncertainty_q1": 0.7213114754098361,
            "acc_high_uncertainty_q4": 0.5081967213114754
        }
    },
    "baseline": {
        "best_epoch": 9,
        "best_val_ce": 1.0956322273162946,
        "temperature_tau": 1.9130086135887066,
        "ece": 0.17847474944101616,
        "checkpoint_path": "C:\\Users\\i.martinez.jimenez\\OneDrive - Accenture\\Documents\\projects-personales\\BNN\\outputs\\models\\lstm_clf\\LSTM_classifier.pt",
        "reliability_diagram_path": "C:\\Users\\i.martinez.jimenez\\OneDrive - Accenture\\Documents\\projects-personales\\BNN\\outputs\\figures\\lstm_clf\\baseline_clf_reliability_diagram.png",
        "global_metrics": {
            "accuracy": 0.6150684931506849,
            "balanced_accuracy": 0.34864970427407654,
            "macro_f1": 0.3193213493433621,
            "weighted_f1": 0.5351616166526899,
            "log_loss": 0.9797551056736625,
            "brier_score": 0.5830910359034719,
            "confusion_matrix": [
                [
                    420,
                    43,
                    1
                ],
                [
                    177,
                    29,
                    0
                ],
                [
                    60,
                    0,
                    0
                ]
            ],
            "precision_LOW": 0.639269406392694,
            "recall_LOW": 0.9051724137931034,
            "f1_LOW": 0.7493309545049064,
            "precision_MED": 0.4027777777777778,
            "recall_MED": 0.1407766990291262,
            "f1_MED": 0.20863309352517986,
            "precision_HIGH": 0.0,
            "recall_HIGH": 0.0,
            "f1_HIGH": 0.0,
            "roc_auc_ovr": 0.5472810524683042
        }
    }
}